,Sentiment,User_flr,Text,User_name
2020-08-21 22:57:28,0.0,580,"RT @alphatrends: VIDEO https://t.co/kSNVW2MzVX Stock Market Analysis 8/21/20

$SPY $QQQ $IWM $SMH $IBB $XLF $YY $BILI $SPT $GDDY etc

‚öìÔ∏èVWA‚Ä¶",MarketPicker
2020-08-22 00:48:21,1.0,72,"8/24  -   8/28
ER PLAYS (HIGH RISK OPTIONS)
$BBY - TUES - 120c -PM (MAX PAIN 98.5)
$JWN - TUES - 16c - AH (MAX PAIN 15 )
$TOL - TUES - 50c - AH (NO THETA OR OPEN INT RISKY AF) (MAX PAIN 39)
$BILI - WED - 45c ITM - AH (50c co... https://t.co/nCcXVJi5hO",SGorbea116
2020-08-22 07:08:29,0.0,7296,"@eWhispers @DollarGeneral @salesforce @DollarTree @Intuit @DICKS @Medtronic @PaloAltoNtwks @smuckers @i_clickglobal @okta See all these stocks charted, help spread the word by retweeting my post.

$OKTA $MRVL $ADSK $HRL $WDAY $BIG $COTY $ULTA $BOX $SPLK $BNS $TOL $VMW $BMO $TD $VEEV $HPE $DELL $BILI $BURL $PLCE $ANF $OLLI $PLAN $FLWS $VIOT $RY $HPQ $SOL $BITA $ATHM $NTAP

https://t.co/nu4JZtOEDW",ThePupOfWallSt
2020-08-22 08:01:36,0.0,392,RT @ThePupOfWallSt: @eWhispers @DollarGeneral @salesforce @DollarTree @Intuit @DICKS @Medtronic @PaloAltoNtwks @smuckers @i_clickglobal @ok‚Ä¶,ToneGully
2020-08-22 08:13:28,0.0,759,RT @ThePupOfWallSt: @eWhispers @DollarGeneral @salesforce @DollarTree @Intuit @DICKS @Medtronic @PaloAltoNtwks @smuckers @i_clickglobal @ok‚Ä¶,duke_pearson
2020-08-22 09:37:52,0.7824,272,"$BILI nice fight and hold of support, flaggy - looks like it wants ATH https://t.co/xhmxQnvJtm",Hewitttrades
2020-08-22 10:32:00,1.0,26,"@alphatrends $BILI will go up to its new ATH soon.
[current ATH $51.25]",ChinaCanadaBiga
2020-08-22 11:00:37,0.0,11259,Few software names and some more retail this week: $BBY $DG $CRM $DLTR $INTU $DKS $MDT $PANW $SJM $ICLK $OKTA $MRVL $ADSK $HRL $WDAY $BIG $COTY $ULTA $BOX $SPLK $BNS $TOL $VMW $BMO $TD $VEEV $HPE $DELL $BILI $BURL $PLCE $ANF $OLLI $PLAN $FLWS $VIOT $RY $HPQ $SOL $BITA $ATHM $NTAP https://t.co/C16FuDdjtY,psk2329
2020-08-22 11:55:58,0.0,161,"Most Anticipated Earnings Releases for August 24th week

$bby $dg $crm $dltr $intu $dks $mdt $panw $sjm $iclk $okta $mrvl $adsk $hrl $wday $big $coty $ulta $box $splk $bns $tol $vmw $bmo $td $veev $hpe $dell $bili‚Ä¶ https://t.co/GzYC4Bv8Of",saintthomasadvs
2020-08-22 14:57:50,0.0,5078,"$BILI to report earnings on Aug 26 AMC, with an expected move of ¬±19.5% https://t.co/k7yo6YAKEg",MarketChmln
2020-08-22 16:25:24,0.0,161,Earnings that we will be paying close attention to this upcoming week! üëÄ $PANW $BBY $CRM $ADSK $JWN $DKS $PLAN $BOX $BILI $SPLK $DG $DLTR $BURL $OKTA $MRVL $WDAY $ULTA $VMW $DELL $HPQ $BIG https://t.co/4vW41wc6PQ,UltraInstinctTG
2020-08-22 16:38:07,0.0,212,RT @UltraInstinctTG: Earnings that we will be paying close attention to this upcoming week! üëÄ $PANW $BBY $CRM $ADSK $JWN $DKS $PLAN $BOX $B‚Ä¶,LowkeystonksLLC
2020-08-22 17:52:32,0.7093,2816,"$BILI #earnings 8/26 after-close

Can say 2 things:

1) Not a great idea to trade before the break of that trend line resistance

OR

2) Trade only on the break of trend line resistance

Chose the one you like üòÄüòÄüòÄ

https://t.co/rbHQb43kbS",BlueMoonTrades
2020-08-22 18:56:23,0.0,2816,"#earnings analysis is complete on all these:

$BBY
$CRM
$INTU
$ADSK
$PLAN
$BOX
$SPLK
$BILI
$DG
$OKTA
$MRVL
$WDAY
$ULTA
$VMW
$OLLI

To do all this yourself on @TrendSpider: 

use: https://t.co/QJOePRScDC with code THANKS35 for 35% off, ENDS VERY SOON !!!

7 days free trial üôèüôèüôè https://t.co/gRptXPUTkw",BlueMoonTrades
2020-08-22 20:32:03,0.0,43,"$BILI yet another upcoming ER, two looks https://t.co/TUPgVpLjdd",craquer2018
2020-08-22 21:55:08,0.0,23,"RT @BlueMoonTrades: #earnings analysis is complete on all these:

$BBY
$CRM
$INTU
$ADSK
$PLAN
$BOX
$SPLK
$BILI
$DG
$OKTA
$MRVL
$WDAY
$ULTA‚Ä¶",POYA_Univ_Grad
2020-08-23 02:17:32,0.0,2816,"$BBY
$CRM
$INTU
$ADSK
$PLAN
$BOX
$BILI
$DG
$MRVL
$WDAY
$ULTA
$VMW
$AMD
$NUGT
$STNE
$TEAM
$SPCE
$COUP
$SMAR
$MMM

Goodnight, take care, let's make $$$$$$ this week https://t.co/JnGtf7s4ZM",BlueMoonTrades
2020-08-23 04:24:41,0.0,10,"@JoeySolitro Positions in $OKTA, $VEEV, $ULTA. Also curiously watching $PANW, $ADSK, $CRM, $BILI, $BBY, $ESTC, $BILL",KDLifeisgreat
2020-08-23 09:07:26,0.0,57,"RT @alphatrends: VIDEO https://t.co/kSNVW2MzVX Stock Market Analysis 8/21/20

$SPY $QQQ $IWM $SMH $IBB $XLF $YY $BILI $SPT $GDDY etc

‚öìÔ∏èVWA‚Ä¶",STORYInvestors
2020-08-23 09:16:55,-1.0,59,"$BILI Trader Notes: Trading sideways for the better half a couple of months.  A lot of chop.  Getting pinned down by the 261.8% fib going into earnings Wednesday AMC.  Options pricing in a 4.70pt move.   Levels, resistance/supports I'm watching: https://t.co/eBPruiX7A8",RipShowStocks
2020-08-23 09:22:44,0.0,1278,"$CBDD, GoingGreenPicks ‚ÄúPICK‚Äù of the week. Last trade .011. I smell NEWS!

$BBY $DG $CRM $DLTR $INTU $DKS $MDT $PANW $SJM $ICLK $OKTA $MRVL $ADSK $HRL $WDAY $BIG $COTY $ULTA $BOX $SPLK $BNS $TOL $VMW $BMO $TD $VEEV $HPE $DELL $BILI $BURL $PLCE $ANF $OLLI $PLAN $FLWS $VIOT $RY $HP",GoingGreenPicks
2020-08-23 09:48:34,0.0,30,"üì¢ Upcoming earnings announcements from my watchlist
.
Monday, Aug 24, 2020: $PANW
Tuesday, Aug 25, 2020: $BBY, $HPE, $CRM
Wednesday, Aug 26, 2020: $BILI, $SPLK
Thursday, Aug 27, 2020: $HPQ, $DELL, $VMW
Friday, Aug 28, 2020: n/a https://t.co/qn9pBmtqT8",notdumbmoney
2020-08-23 10:08:08,0.0,33,@StockDweebs I‚Äôm assuming $DLTR is similar outlook to other retail plays?  Also was looking at $BIG and $BILI this week.  Thoughts anybody?,ccornelius81
2020-08-23 10:48:40,0.4404,937,$BILI looks good... https://t.co/QXTlnfxe8F,HcenHenrik
2020-08-23 10:58:27,0.0,697,"RT @GoingGreenPicks: $CBDD, GoingGreenPicks ‚ÄúPICK‚Äù of the week. Last trade .011. I smell NEWS!

$BBY $DG $CRM $DLTR $INTU $DKS $MDT $PANW $‚Ä¶",shortitallllll
2020-08-23 12:04:28,0.0,14,"Looking forward to some key earnings reports this week

Tue: $CRM $BBY $ADSK
Wed: $PLAN $SPLK $BILI
Thur: $OKTA $WDAY $VMW $VEEV $DELL $DG https://t.co/LIsfD6YjIw",EquityHawk
2020-08-23 12:05:02,0.0,142006,"#AutomatedTrading #AlgoTrading #MachineLearning
$TOL $VMW $BMO $TD $VEEV $HPE $DELL $BILI $BURL $PLCE $ANF $OLLI $PLAN $FLWS $VIOT $RY $HPQ $SOL $BITA $ATHM $NTAP 
#stocks #DayTrading #SwingTrading

üôã 15% off Monthly/Yearly with Coupon Code: MYDISCOUNT15
https://t.co/egbvLSf50A",AlertTrade
2020-08-23 12:05:16,0.0,11553,"RT @AlertTrade: #AutomatedTrading #AlgoTrading #MachineLearning
$TOL $VMW $BMO $TD $VEEV $HPE $DELL $BILI $BURL $PLCE $ANF $OLLI $PLAN $FLW‚Ä¶",andrewmorrisuk
2020-08-23 14:48:00,0.0,101,"Tencent Music (TME) requires more paying users to continue its strong Q2 performance
$TME #Tencent #Baidu $BIDU $SPOT #spotify $IQ $HUYA $BILI $PDD #music #entertainment #onlinemusic #onlinestreaming #China #stocks #stockmarket #stockstowatch https://t.co/zvGLZbbFGZ",AlphSt_Live
2020-08-23 15:22:29,0.0,83551,TOP DROPS IN NASDAQ SHORTS: $AAPL $CZR $PLUG $GT $UAL $ANGI $ROKU $KHC $QCOM $MTCH $MSFT $FSCT $CHNG $INCY $SBUX $APA $HZNP $DISH $TLRY $CTSH $MRVL $ZM $JD $BILI $DDOG $ENPH $COMM $PENN $NLOK https://t.co/ury5fRuFzs,WallStJesus
2020-08-23 15:22:57,0.4215,3509,"$BILI nice setup, earnings early in the week https://t.co/BkHGnYx0ZC",theEquilibrium
2020-08-23 15:23:29,-1.0,78,RT @WallStJesus: TOP DROPS IN NASDAQ SHORTS: $AAPL $CZR $PLUG $GT $UAL $ANGI $ROKU $KHC $QCOM $MTCH $MSFT $FSCT $CHNG $INCY $SBUX $APA $HZN‚Ä¶,ShortWeeklyVar
2020-08-23 15:28:25,-1.0,875,RT @WallStJesus: TOP DROPS IN NASDAQ SHORTS: $AAPL $CZR $PLUG $GT $UAL $ANGI $ROKU $KHC $QCOM $MTCH $MSFT $FSCT $CHNG $INCY $SBUX $APA $HZN‚Ä¶,LondonAIMCap
2020-08-23 15:41:14,0.0,225,"$AFMD üëá
@WallStJesus: TOP DROPS IN NASDAQ SHORTS: $AAPL $CZR $PLUG $GT $UAL $ANGI $ROKU $KHC $QCOM $MTCH $MSFT $FSCT $CHNG $INCY $SBUX $APA $HZNP $DISH $TLRY $CTSH $MRVL $ZM $JD $BILI $DDOG $ENPH $COMM $PENN $NLOK https://t.co/ScXMItuv50",biobuddha
2020-08-23 15:51:06,0.4215,6980,"RT @theEquilibrium: $BILI nice setup, earnings early in the week https://t.co/BkHGnYx0ZC",Gambiste1
2020-08-23 16:00:10,0.0,705,"Earnings this week
2020-08-24: 
$PANW
$DADA
$QFIN
$BITA
$FANH

2020-08-25: 
$CRM
$MDT
$INTU
$ADSK
$BBY

2020-08-26: 
$SPLK
$TCOM
$TIF
$HEI
$BILI

2020-08-27: 
$VMW
$DG
$LULU
$WDAY
$DELL

2020-08-28: 
$BIG
$ACH
$HIBB
$GSH",Stock_Alarm
2020-08-23 16:19:48,-1.0,177,RT @WallStJesus: TOP DROPS IN NASDAQ SHORTS: $AAPL $CZR $PLUG $GT $UAL $ANGI $ROKU $KHC $QCOM $MTCH $MSFT $FSCT $CHNG $INCY $SBUX $APA $HZN‚Ä¶,fortunatrading1
2020-08-23 16:20:07,0.4404,640,$BILI would look for a breakout with some areas i would look to take profits at marked in green  https://t.co/06VpHuH6Fn,StockChartSteve
2020-08-23 16:35:43,0.0,7,"RT @malteseinvest: July List

$AMGN $CRMD $BILI $OSTK $KTOS $LSCC $WKHS $SWBI $IMMU $LVGO $SOLO $DVAX $BCRX $UPWK $FLDM $SPCE $SRNE $W $KND‚Ä¶",hazzopardi
2020-08-23 16:42:48,1.0,26,RT @ChartMill: $BILI outperforms 97% of all stocks! https://t.co/fZmHnSaBdu https://t.co/8MHccYtvrs,ChinaCanadaBiga
2020-08-23 17:10:36,0.0,6980,"RT @malteseinvest: July List

$AMGN $CRMD $BILI $OSTK $KTOS $LSCC $WKHS $SWBI $IMMU $LVGO $SOLO $DVAX $BCRX $UPWK $FLDM $SPCE $SRNE $W $KND‚Ä¶",Gambiste1
2020-08-23 17:16:19,-1.0,232,RT @WallStJesus: TOP DROPS IN NASDAQ SHORTS: $AAPL $CZR $PLUG $GT $UAL $ANGI $ROKU $KHC $QCOM $MTCH $MSFT $FSCT $CHNG $INCY $SBUX $APA $HZN‚Ä¶,joshuabaus
2020-08-23 18:50:18,-1.0,1108,RT @WallStJesus: TOP DROPS IN NASDAQ SHORTS: $AAPL $CZR $PLUG $GT $UAL $ANGI $ROKU $KHC $QCOM $MTCH $MSFT $FSCT $CHNG $INCY $SBUX $APA $HZN‚Ä¶,7LadyQ
2020-08-23 18:53:22,0.0,292,"Couple names on watch for this week.  $GDDY, $BILI, $YY, $BE.  https://t.co/o1tUhMAlLq",ptposture1
2020-08-23 19:36:00,0.0,1220,"Rule No. 1: Never lose money. Rule No. 2: Never forget rule No.1 $BBY $ADSK $REGN $SPXL $SPY $ACWI $AZN $BIG $LMNL $FNGU $SPLK $YINN $MUR $DOT.X $TUR $SXP.X $BILI $JWS $CERS $TAK | For Stock, Options, Forex and Crypto Trading discussion join https://t.co/AEjWYVbyWB (FREE)",traderead
2020-08-23 19:44:08,-1.0,542,$BILI has aquired the rights to publish Fall Guys in China! https://t.co/eXGFtRmJqx,the_bluejacket
2020-08-20 20:15:40,0.0,2042,"Some bullish breakout levels for tomorrow. 

$BYND through today's high and 130

$UBER and $LYFT (Wow!) through today's highs. 

$CVNA 205

$SE 154.25

$RKT
 through today's high then 25 

$PDD 98.20/50 area (earnings in am)

$BILI 45.88

$MIK 9.50

$FRGI 10",engagethetrade
2020-08-20 22:13:59,0.0,26,"@MortensenBach 8/20/2020 Charles Schwab Investment Management Inc.180,604 shares of $BILI https://t.co/xpDBzC6R81, increased+186.0%",ChinaCanadaBiga
2020-08-20 22:14:34,0.0,26,"@ChartMill 8/20/2020 Charles Schwab Investment Management Inc.180,604 shares of $BILI https://t.co/xpDBzC6R81, increased+186.0%",ChinaCanadaBiga
2020-08-20 22:15:14,0.0,26,"@BirdSeedTrade 8/20/2020 Charles Schwab Investment Management Inc.180,604 shares of $BILI https://t.co/xpDBzC6R81, increased+186.0%",ChinaCanadaBiga
2020-08-20 22:15:35,0.0,26,"@ZiwangDeng 8/20/2020 Charles Schwab Investment Management Inc.180,604 shares of $BILI https://t.co/xpDBzC6R81, increased+186.0%",ChinaCanadaBiga
2020-08-20 22:16:23,0.0,26,"@evil_xl 8/20/2020 Charles Schwab Investment Management Inc.180,604 shares of $BILI https://t.co/xpDBzC6R81, increased+186.0%",ChinaCanadaBiga
2020-08-20 22:16:34,0.0,26,"@Shaku43207915 8/20/2020 Charles Schwab Investment Management Inc.180,604 shares of $BILI https://t.co/xpDBzC6R81, increased+186.0%",ChinaCanadaBiga
2020-08-20 22:16:45,0.0,26,"@Shaku43207915 8/20/2020 Charles Schwab Investment Management Inc.180,604 shares of $BILI https://t.co/xpDBzC6R81, increased+186.0%",ChinaCanadaBiga
2020-08-20 22:17:24,0.0,26,"@SwingTradeBot 8/20/2020 Charles Schwab Investment Management Inc.180,604 shares of $BILI https://t.co/xpDBzC6R81, increased+186.0%",ChinaCanadaBiga
2020-08-20 22:17:38,0.0,26,"@Shaku43207915 8/20/2020 Charles Schwab Investment Management Inc.180,604 shares of $BILI https://t.co/xpDBzC6R81, increased+186.0%",ChinaCanadaBiga
2020-08-20 22:19:49,0.0,26,"@BSchulz33868165 8/20/2020 Charles Schwab Investment Management Inc.180,604 shares of $BILI https://t.co/xpDBzC6R81, increased+186.0%",ChinaCanadaBiga
2020-08-20 22:19:56,0.0,36,"Scans from Thursday, August 20, 2020: https://t.co/Iehx5By9AS https://t.co/fWW7cfztjL $PTON $WIX $NFLX $SHOP $ATVI $DOCU $TWLO $CRM $PDD $PGR $BILI $ZM $Z $CVX $ABBV $COP $AMGN $SWKS $RTX #SwingTrading #technicalanalysis #trading #stocks #StockTrading #Options #OptionsTrading https://t.co/E1ZIhj8ECU",iamalexhuynh
2020-08-20 22:21:17,0.0,26,"@BijoyBi74826572 8/20/2020 Charles Schwab Investment Management Inc.180,604 shares of $BILI https://t.co/xpDBzC6R81, increased+186.0%",ChinaCanadaBiga
2020-08-20 22:21:24,0.0,26,"@BSchulz33868165 8/20/2020 Charles Schwab Investment Management Inc.180,604 shares of $BILI https://t.co/xpDBzC6R81, increased+186.0%",ChinaCanadaBiga
2020-08-20 22:21:42,0.0,26,"@SwingTradeBot 8/20/2020 Charles Schwab Investment Management Inc.180,604 shares of $BILI https://t.co/xpDBzC6R81, increased+186.0%",ChinaCanadaBiga
2020-08-20 22:21:56,0.0,26,"@alphaverve 8/20/2020 Charles Schwab Investment Management Inc.180,604 shares of $BILI https://t.co/xpDBzC6R81, increased+186.0%",ChinaCanadaBiga
2020-08-20 22:23:10,0.0,26,"@GeniusOClock FYI
8/20/2020 Charles Schwab Investment Management Inc.180,604 shares of $BILI https://t.co/xpDBzC6R81, increased+186.0%",ChinaCanadaBiga
2020-08-20 22:30:00,0.0,235610,"Did you miss today's 3@3 livestream? We had some #UnusualActivity in $BILI $PSQ $FSLY

Learn more about UOA: 
https://t.co/HuppWiyvyg https://t.co/gHCHhzbDbf",jonnajarian
2020-08-20 22:38:10,0.0,26,"@jonnajarian 8/20/2020 Charles Schwab Investment Management Inc.180,604 shares of $BILI https://t.co/xpDBzC6R81, increased+186.0%",ChinaCanadaBiga
2020-08-20 22:46:05,0.0,26,"@engagethetrade 8/20/2020 Charles Schwab Investment Management Inc.180,604 shares of $BILI https://t.co/xpDBzC6R81, increased+186.0%",ChinaCanadaBiga
2020-08-20 22:46:49,0.0,26,"@ThirdAveCapital 8/20/2020 Charles Schwab Investment Management Inc.180,604 shares of $BILI https://t.co/xpDBzC6R81, increased+186.0%",ChinaCanadaBiga
2020-08-21 04:04:09,0.0,3497,"RT @MarketRebels: Featured on today's 3@3 livestream with @jonnajarian: 
$BILI $PSQ $FSLY

Watch the replay now!",DrTony44
2020-08-21 07:39:44,1.0,26,@KingAquaV2 $BILI will go up very soon.,ChinaCanadaBiga
2020-08-21 08:43:52,0.0,450,"lf you really want to make a huge profit on stock trading. Then this comunity is for you! ""Join us for a free 20 day trial.""  https://t.co/iyW4msgBmA

$GEVO $MNK $TSLA $MTP $KODK $HUSA $SLGG $EYPT $TA $BILI
$TSLA $PM $AAPL $MSFT $HD $RIOT $ITM $CHGG $ZM $PFE https://t.co/3KX7tUrDwW",StockSwingAndO1
2020-08-21 08:51:28,0.0,26,"RT @MadMraket: $BILI H&amp;H 
$51.25 next resistance 

$60 PT !!

Looking Great !! https://t.co/OSISsxxdoo",ChinaCanadaBiga
2020-08-21 08:52:21,0.0,26,"@MadMraket $BILI H&amp;H 

$51.25 next resistance 

$60 PT !!

Looking Great !!!",ChinaCanadaBiga
2020-08-21 09:09:47,0.0,86,"Long Watchlist for the day: 

$AMD $BILI $CAR $CLDX $EBS $ECPG $GNMK $MGNX $RARE $TTD $VMD $WK $WPM 

Despite being obvious to all at this point, the trend is still UP... #stocks #swingtrader #uptrend https://t.co/wrXr3NyKKE",TradeWithPVT
2020-08-21 09:11:39,0.0,9311,"Lots of setups triggered this week but will they have good follow through?

Stream is now live, come and join!
https://t.co/xFcHWbIGrn

$BILI $WIX $TWTR $FSLY $TSLA",Qullamaggie
2020-08-21 09:16:06,1.0,8056,$BILI #Bilibili ADS (N Shares) BILI: Adding Solid Game Ecosystem To Its Platform While Solidifying UGC Business; Expect Better 2Q20 Results: BILI will report 2Q20 results on August 26th after the markets close followed by a 9pm EST‚Ä¶ https://t.co/WVVYjh13vl #equity #stocks https://t.co/qYecSS1oki,ResearchPool
2020-08-21 09:17:26,0.0,25591,"#TodaysFreeFeature: While no stock should be bought or sold without some sort of plan to do so, these stocks could be worth a closer look in the next few sessions for a potential trading opportunity... $AON $LVGO $MNTA $ACN $ANTM $BILI #TAPageScans https://t.co/VUoqJgOfE2 https://t.co/qyjQwX0EaQ",Briefingcom
2020-08-21 16:35:30,0.0,124000,"VIDEO https://t.co/kSNVW2MzVX Stock Market Analysis 8/21/20

$SPY $QQQ $IWM $SMH $IBB $XLF $YY $BILI $SPT $GDDY etc

‚öìÔ∏èVWAP https://t.co/96BRXaJT79",alphatrends
2020-08-21 16:38:11,0.0,3533,"RT @alphatrends: VIDEO https://t.co/kSNVW2MzVX Stock Market Analysis 8/21/20

$SPY $QQQ $IWM $SMH $IBB $XLF $YY $BILI $SPT $GDDY etc

‚öìÔ∏èVWA‚Ä¶",gtlackey
2020-08-21 16:44:36,0.0,190,"$SPY, $QQQ, $IWM
*Summary 8/21*
**+** :  $MSFT, $GOOGL (8/13) , $NVDA, $QCOM,
**-** :  $BABA, $COF, $GIS (7/14), $AMGN (8/7), $ZEN (7/9)
**B/E** : 
**Holding** : , $BLUE (8/7), $AOS (8/10), $ALXN (8/13), $AMGN (8/17), $FISV (8/18), $BILI (8/19), $GOOGL (8/20), $LNG(8/21)",Showstopper1307
2020-08-21 16:47:05,0.0,79,"RT @alphatrends: VIDEO https://t.co/kSNVW2MzVX Stock Market Analysis 8/21/20

$SPY $QQQ $IWM $SMH $IBB $XLF $YY $BILI $SPT $GDDY etc

‚öìÔ∏èVWA‚Ä¶",dnvr1129
2020-08-21 16:55:42,0.0,290,"RT @alphatrends: VIDEO https://t.co/kSNVW2MzVX Stock Market Analysis 8/21/20

$SPY $QQQ $IWM $SMH $IBB $XLF $YY $BILI $SPT $GDDY etc

‚öìÔ∏èVWA‚Ä¶",Official_Forex
2020-08-21 17:06:25,0.0,331,"RT @alphatrends: VIDEO https://t.co/kSNVW2MzVX Stock Market Analysis 8/21/20

$SPY $QQQ $IWM $SMH $IBB $XLF $YY $BILI $SPT $GDDY etc

‚öìÔ∏èVWA‚Ä¶",nvestnurslf
2020-08-21 17:07:23,0.0,3471,"RT @alphatrends: VIDEO https://t.co/kSNVW2MzVX Stock Market Analysis 8/21/20

$SPY $QQQ $IWM $SMH $IBB $XLF $YY $BILI $SPT $GDDY etc

‚öìÔ∏èVWA‚Ä¶",MarketsHill
2020-08-21 17:35:53,-1.0,66512,$BILI can head down lower here.,DeltaNinety_01
2020-08-21 17:36:15,0.0,3677,"RT @alphatrends: VIDEO https://t.co/kSNVW2MzVX Stock Market Analysis 8/21/20

$SPY $QQQ $IWM $SMH $IBB $XLF $YY $BILI $SPT $GDDY etc

‚öìÔ∏èVWA‚Ä¶",TraderSeanH
2020-08-20 10:18:57,1.0,73,"$BILI showing some strength, could this be the day? üëÄ",atlastully
2020-08-20 13:27:14,-1.0,31,"$BILI - ""Bilibili is the nearest thing China has to YouTube""

Recent quarterly results showed incredible growth on several parameters within the company. To break it down: 

These are some of the key highlights from recent Q1 results

.......",MortensenBach
2020-08-20 14:09:53,0.0,73,"May not be today, but a move is surely coming... $BILI https://t.co/m7xs85srI6",atlastully
2020-08-20 14:58:37,0.0,248,"Size roll of Aug $45 calls to Sept $45s in $BILI
Explosive look in the daily chart",deadmau5mania
2020-08-20 15:19:06,0.0,31,@FromValue Thoughts on $BILI? üöÄüöÄüöÄ,MortensenBach
2020-08-20 15:39:48,0.816,83551,"$BILI ""DONT YOU LOSE MY NUMBER .."" WITH ANOTHER GOOD LOOKING BET, JAN 2022 CALLS AHEAD OF NUMBERS",WallStJesus
2020-08-20 15:40:29,0.816,10,"RT @WallStJesus: $BILI ""DONT YOU LOSE MY NUMBER .."" WITH ANOTHER GOOD LOOKING BET, JAN 2022 CALLS AHEAD OF NUMBERS",BirdSeedTrade
2020-08-20 15:48:05,0.0,2400,"Here is a copy of Brookline Capital Report Giving FSD Pharma $HUGE  $11 USD Price Target https://t.co/tHE7S0GIUU

#robinhood #Etrade #stocks #webull #nyse #nasdaq #COVID19 

$SNDL $CNK $JD $JNUG $BILI $AZUL $BUD $NOVN $LVGO $DOCU $CVS $ERIC $TELL $JETS $BLNK $GOLD $MPC $ZN $TGT",DjDarroo
2020-08-20 16:05:52,0.2103,4227,"RT @Marketupdater: CureVac, the vaccine maker backed by Bill &amp; Melinda Gates, soars 40% - CNN https://t.co/dLdN3QCmb8 | $SPY $BABA $DVAX $O‚Ä¶",frLarousse2
2020-08-20 16:13:35,0.0,73,"Open contracts I‚Äôm holding. Number shown is current total return. I don‚Äôt normally hold so many open positions with my small account size, but they are pretty diverse, and most are small positions. $PRPL $DE $NKE $EBAY $TMUS $BILI https://t.co/UlcibPPC9n",atlastully
2020-08-20 16:13:35,0.1027,98,Took some $BILI in anticipation of Genshin Impact release Sept 28th.,Puddi05
2020-08-20 16:19:07,-1.0,73,"Lastly, if you‚Äôve been reading my tweets the past couple weeks, you know I‚Äôm waiting on $BILI to pop up out of a flag. It has been pretty choppy, and I‚Äôd like to see a decisive move upward soon.",atlastully
2020-08-20 16:27:31,0.0,190,"$SPY, $QQQ, $IWM
*Summary 8/20*
**+** :  $NFLX, $AXP, $TGT, $JPM, $V, $AAPL, $BA, $FB, $GOOGL
**-** :  $DIS
**Holding** : $ZEN (7/9), $GIS(7/14),  $AMGN (8/7), $BLUE (8/7), $AOS (8/10), $ALXN (8/13), $GOOGL (8/13), $AMGN (8/17), $FISV (8/18), $BILI (8/19), $GOOGL (8/20). Good day",Showstopper1307
2020-08-20 16:52:57,0.0,154,$BILI...waiting....,ThirdAveCapital
2020-08-20 17:36:10,0.0,4057,"GCI LIBERTY $GLIBB To Be Scooped Up In All Cash Transaction By Unnamed Nasdaq Traded Company, Official PR Coming As Soon As Wednesday
https://t.co/BnESoqsmxY

$REVG $NPSNY $BILI $CBAY $VSH $KT $CFMS $CTLT $NTDOY $USG $GOGO $HPT $ELP $CSIQ",StockWatchHQ
2020-08-20 17:38:01,0.0,5899,$BILI was analyzed by 5 analysts. The buy consensus is at 100%. So analysts seem to be very confident about $BILI. https://t.co/AoTlvH7FL8 https://t.co/fkK3bvPiMc,ChartMill
2020-08-20 17:44:41,0.0,23043,"Featured on today's 3@3 livestream with @jonnajarian: 
$BILI $PSQ $FSLY

Watch the replay now! https://t.co/iW1slT226p",MarketRebels
2020-08-20 17:44:55,0.0,235610,"RT @MarketRebels: Featured on today's 3@3 livestream with @jonnajarian: 
$BILI $PSQ $FSLY

Watch the replay now!",jonnajarian
2020-08-20 18:02:17,0.0,10,Players buy $BILI into the close. LEAPS 1/21/2022 55 Calls,BirdSeedTrade
2020-08-20 19:09:00,0.0,163085,"RT @MarketRebels: Featured on today's 3@3 livestream with @jonnajarian: 
$BILI $PSQ $FSLY

Watch the replay now! https://t.co/iW1slT226p",petenajarian
2020-08-23 20:40:46,0.0,23043,"Reporting earnings this week:
Monday - $PANW $SXI $ICLK
Tuesday - $BBY $CRM $INTU $MDT $BMO $JWN $BNS $HPE
Wednesday - $DKS $BOX $BILI $EXPR $WSM $RBC
Thursday - $DG $DLTR $ULTA $TD $BURL $ANF $WDAY $MRVL $DELL $HPQ $BILL
Friday - $BIG $HIBB",MarketRebels
2020-08-23 20:41:00,0.0,163085,"RT @MarketRebels: Reporting earnings this week:
Monday - $PANW $SXI $ICLK
Tuesday - $BBY $CRM $INTU $MDT $BMO $JWN $BNS $HPE
Wednesday - $D‚Ä¶",petenajarian
2020-08-23 20:42:09,0.0,33,"RT @MarketRebels: Reporting earnings this week:
Monday - $PANW $SXI $ICLK
Tuesday - $BBY $CRM $INTU $MDT $BMO $JWN $BNS $HPE
Wednesday - $D‚Ä¶",CZielinko
2020-08-23 20:42:38,0.0,14,"RT @MarketRebels: Reporting earnings this week:
Monday - $PANW $SXI $ICLK
Tuesday - $BBY $CRM $INTU $MDT $BMO $JWN $BNS $HPE
Wednesday - $D‚Ä¶",FlockRaiser
2020-08-23 20:45:40,0.0,16,"RT @MarketRebels: Reporting earnings this week:
Monday - $PANW $SXI $ICLK
Tuesday - $BBY $CRM $INTU $MDT $BMO $JWN $BNS $HPE
Wednesday - $D‚Ä¶",HarpalSinn
2020-08-23 20:54:45,0.0,28,"RT @MarketRebels: Reporting earnings this week:
Monday - $PANW $SXI $ICLK
Tuesday - $BBY $CRM $INTU $MDT $BMO $JWN $BNS $HPE
Wednesday - $D‚Ä¶",dejen_meh
2020-08-23 20:55:19,0.0,235610,"RT @MarketRebels: Reporting earnings this week:
Monday - $PANW $SXI $ICLK
Tuesday - $BBY $CRM $INTU $MDT $BMO $JWN $BNS $HPE
Wednesday - $D‚Ä¶",jonnajarian
2020-08-23 20:57:58,0.0,42,"RT @MarketRebels: Reporting earnings this week:
Monday - $PANW $SXI $ICLK
Tuesday - $BBY $CRM $INTU $MDT $BMO $JWN $BNS $HPE
Wednesday - $D‚Ä¶",jetssuper1
2020-08-23 21:03:21,0.0,21,"RT @MarketRebels: Reporting earnings this week:
Monday - $PANW $SXI $ICLK
Tuesday - $BBY $CRM $INTU $MDT $BMO $JWN $BNS $HPE
Wednesday - $D‚Ä¶",StJohn583
2020-08-23 21:10:07,0.0,3651,"RT @MarketRebels: Reporting earnings this week:
Monday - $PANW $SXI $ICLK
Tuesday - $BBY $CRM $INTU $MDT $BMO $JWN $BNS $HPE
Wednesday - $D‚Ä¶",MiguelICarlos
2020-08-23 21:16:35,0.0,610,"RT @MarketRebels: Reporting earnings this week:
Monday - $PANW $SXI $ICLK
Tuesday - $BBY $CRM $INTU $MDT $BMO $JWN $BNS $HPE
Wednesday - $D‚Ä¶",iLuc4
2020-08-23 21:53:27,0.0,30,"RT @MarketRebels: Reporting earnings this week:
Monday - $PANW $SXI $ICLK
Tuesday - $BBY $CRM $INTU $MDT $BMO $JWN $BNS $HPE
Wednesday - $D‚Ä¶",LutzPatrik
2020-08-23 22:21:45,0.0,3497,"RT @MarketRebels: Reporting earnings this week:
Monday - $PANW $SXI $ICLK
Tuesday - $BBY $CRM $INTU $MDT $BMO $JWN $BNS $HPE
Wednesday - $D‚Ä¶",DrTony44
2020-08-23 22:45:44,0.0,7117,"@cfromhertz Quite a few names like $BILI $YY $BABA etc., showed up on the scan plus was looking at the ETF and top 11 components also.",sssvenky
2020-08-23 23:00:18,0.0,13,"RT @MarketRebels: Reporting earnings this week:
Monday - $PANW $SXI $ICLK
Tuesday - $BBY $CRM $INTU $MDT $BMO $JWN $BNS $HPE
Wednesday - $D‚Ä¶",MacdMurphy
2020-08-23 23:48:00,0.0,204,"$BILI
Long: Above $45.80
S/L: $41.80
Target: $52 ish https://t.co/VmH328iAUV",mets1life
2020-08-24 00:02:02,0.0,204,"Positions:
$V $SPT $BABA $AMZN $SPOT

Alerts:
$RUN $XPO $NFLX $RNG $BILI $CHWY $DELL https://t.co/bXWk2BPQeu",mets1life
2020-08-24 00:07:50,0.0,13,SHE IS PERFECT üòç $BILI $NIO https://t.co/20xS7ZRY88,chaschev
2020-08-24 00:10:00,0.0,60,RT @chaschev: SHE IS PERFECT üòç $BILI $NIO,grady_kimball
2020-08-24 01:11:19,0.0,154,"$BBY $BIG $DG $PSTG $BILI $DLTR

Join the Discord for inane rants, spicy memes and maybe even some serious stonk content too üå∂Ô∏èüî• https://t.co/L5JOMy5DLO",FlowTraderTM
2020-08-24 01:24:15,0.0,73,Just added this note about $BILI to my weekly plan. I always try to add anything noteworthy for the upcoming week. https://t.co/zWK2pnRIgd,atlastully
2020-08-24 01:29:09,0.0,768,Bilibili $BILI Scheduled to Post Quarterly Earnings on Wednesday https://t.co/4E1uCzehue,ThisLincolnian
2020-08-24 01:29:09,0.0,1597,Bilibili $BILI Scheduled to Post Quarterly Earnings on Wednesday https://t.co/h26XQ1yEG3,TheMarketsDaily
2020-08-24 01:30:29,0.0,1417,Bilibili $BILI Scheduled to Post Quarterly Earnings on Wednesday https://t.co/ELdBZOm7La,dailypoliticaln
2020-08-24 01:32:32,0.0,716,Bilibili $BILI Scheduled to Post Quarterly Earnings on Wednesday  https://t.co/V8EcQrYXfF,EnterpriseLeade
2020-08-24 01:44:55,0.0,79,"RT @MarketRebels: Reporting earnings this week:
Monday - $PANW $SXI $ICLK
Tuesday - $BBY $CRM $INTU $MDT $BMO $JWN $BNS $HPE
Wednesday - $D‚Ä¶",sonnyrico
2020-08-24 01:56:11,0.0,605,"RT @FlowTraderTM: $BBY $BIG $DG $PSTG $BILI $DLTR

Join the Discord for inane rants, spicy memes and maybe even some serious stonk content‚Ä¶",ProfitsPrinting
2020-08-24 03:18:21,0.0,6980,RT @atlastully: Just added this note about $BILI to my weekly plan. I always try to add anything noteworthy for the upcoming week. https://‚Ä¶,Gambiste1
2020-08-24 04:18:51,0.0,330,RT @chaschev: SHE IS PERFECT üòç $BILI $NIO,krashq8
2020-08-24 05:04:13,0.0,482,#BiliBili is just belo the trend. Watch out for a breakout #BILI $BILI https://t.co/vEigH6HaSe,ProBullseye
2020-08-24 05:36:43,0.0,437,"Trello updated with this week's prospects
$PCTY $BILI $ASML $DXCM $TTD $LGIH $ABT $REGN $PTON $PYPL $NLOK

https://t.co/zsW1Dj4YMu",rocketPower
2020-08-24 05:44:46,0.0,94,"My focus list for this week: $BNTX, $BILI, $CVAC, $NIO, $GOLD, $FAST, $HL, $PTON, $RUN, $WPM, $DOCU, $RDFN, $COUP, $LSCC, $SII, $PCVX, $UMRX, $MED, $BIO, $NFLX, $FSLR, $OLLI, $VERX
See the focus list and my current holdings here: https://t.co/bUxbDUP2zC",PowerfulTrading
2020-08-24 06:12:59,0.0,6980,RT @ProBullseye: #BiliBili is just belo the trend. Watch out for a breakout #BILI $BILI https://t.co/vEigH6HaSe,Gambiste1
2020-08-24 06:17:16,0.0,374,RT @ProBullseye: #BiliBili is just belo the trend. Watch out for a breakout #BILI $BILI https://t.co/vEigH6HaSe,endofplans
2020-08-24 06:18:03,0.0,377,"Some interesting names right here, thanks @PowerfulTrading. My WL includes a few similar names, my favourites are $NIO $BILI $FAST and $RDFN

+ $TWTR $EBA $CCS $PFSI $TPH

Bought $NFLX on Friday. https://t.co/i6AjrXuFOh",tommyyayo1
2020-08-24 06:36:39,0.0,465,Morning‚Äî Happy start to a new week! $JNJ strong pre- so is $BILI $ADBE and $TSLA. I have positions in all and will ave. up on some if conditions warrant.,StockOpps
2020-08-24 07:09:28,0.0,312,"RT @MarketRebels: Reporting earnings this week:
Monday - $PANW $SXI $ICLK
Tuesday - $BBY $CRM $INTU $MDT $BMO $JWN $BNS $HPE
Wednesday - $D‚Ä¶",BenBSP
2020-08-24 07:27:19,0.0,1280,"RT @GoingGreenPicks: $CBDD, GoingGreenPicks ‚ÄúPICK‚Äù of the week. Last trade .011. I smell NEWS!

$BBY $DG $CRM $DLTR $INTU $DKS $MDT $PANW $‚Ä¶",pickoftheday1
2020-08-24 07:28:08,0.0,1571,"RT @GoingGreenPicks: $CBDD, GoingGreenPicks ‚ÄúPICK‚Äù of the week. Last trade .011. I smell NEWS!

$BBY $DG $CRM $DLTR $INTU $DKS $MDT $PANW $‚Ä¶",KpPeeps
2020-08-24 07:39:03,0.0,848,"RT @GoingGreenPicks: $CBDD, GoingGreenPicks ‚ÄúPICK‚Äù of the week. Last trade .011. I smell NEWS!

$BBY $DG $CRM $DLTR $INTU $DKS $MDT $PANW $‚Ä¶",budfoxfun
2020-08-24 07:51:27,0.0,2922,Large caps up in the #premarket. $TSLA $NVDA $AAPL $BABA $FB $MSFT $BA $FSLY $AMD $JD $YNDX $AZN $BILI $LUV $UAL $DAL $RKT $GOLD $BAC $WFC $MGM $BP $SAVE $AAL $PLUG $NIO https://t.co/MtR3kpltHl https://t.co/Ri7YN3VMbD,TrendLineMaster
2020-08-24 08:26:10,0.0,3200,"RT @GoingGreenPicks: $CBDD, GoingGreenPicks ‚ÄúPICK‚Äù of the week. Last trade .011. I smell NEWS!

$BBY $DG $CRM $DLTR $INTU $DKS $MDT $PANW $‚Ä¶",JediJazz22
2020-08-24 08:34:54,0.0,156,"RT @GoingGreenPicks: $CBDD, GoingGreenPicks ‚ÄúPICK‚Äù of the week. Last trade .011. I smell NEWS!

$BBY $DG $CRM $DLTR $INTU $DKS $MDT $PANW $‚Ä¶",84mongoose
2020-08-24 08:48:29,0.0,640,"Good morning, here's my watch list for August 24, 2020:

Gap Ups: $AZN, $BABA, $BBY, $BILI, $BLDP, $BWAY, $CGIX, $JD, $KMDA, $LIN, $LMNL, $NVTA, $QCOM, $QFIN, $RKT, $XBIT

Gap Downs: $GRWG, $ODT, $TCDA,",Kant_sleep
2020-08-24 08:57:11,0.0,84,"RT @MarketRebels: Reporting earnings this week:
Monday - $PANW $SXI $ICLK
Tuesday - $BBY $CRM $INTU $MDT $BMO $JWN $BNS $HPE
Wednesday - $D‚Ä¶",positionalgood
2020-08-24 09:04:01,0.0,267,$BILI (Bilibili Inc) ‚Äì Tight Flag Near Resistance ‚Äì Activated by a Gap #investing #setup #stocks #tightflag https://t.co/EorEqopAfT,Asktraders1
2020-08-24 09:04:10,0.0,26,RT @ChartMill: $BILI was analyzed by 5 analysts. The buy consensus is at 100%. So analysts seem to be very confident about $BILI. https://t‚Ä¶,ChinaCanadaBiga
2020-08-24 09:10:21,0.0,318,Happy Monday traders! Watching $JD $HARP $ADMA $FSLY $BPTH $GRWG $SRNE $BILI $BNTX good luck!,RapidFills
2020-08-24 09:25:48,0.0,823,"RT @GoingGreenPicks: $CBDD, GoingGreenPicks ‚ÄúPICK‚Äù of the week. Last trade .011. I smell NEWS!

$BBY $DG $CRM $DLTR $INTU $DKS $MDT $PANW $‚Ä¶",StockAlchemiss
2020-08-24 09:35:14,-1.0,6712,RT @the_bluejacket: $BILI has aquired the rights to publish Fall Guys in China! https://t.co/eXGFtRmJqx,8020invest
2020-08-24 09:35:22,0.0,465,$BILI ave up. filled,StockOpps
2020-08-24 09:38:16,0.0772,872,@jan I missed $BILI thanks to this crap,dixielee1969
2020-08-24 09:41:20,1.0,73,$BILI gap up this morning! About time! https://t.co/fEL0giI9K1,atlastully
2020-08-24 09:44:25,-0.1531,6850,$BILI aggressive buyers of September 50C here,optionstrader32
2020-08-24 09:46:57,-1.0,360,$BILI  completely missed  bull flag on 2min...    now its broken desc RL  n 47.6+ pivot,shaolintrader88
2020-08-24 09:48:55,0.0,29695,China Internet type calls busy on open $BILI $NIO,cfromhertz
2020-08-24 09:49:02,0.0,1156,RT @cfromhertz: China Internet type calls busy on open $BILI $NIO,viriyabot
2020-08-24 10:02:00,-0.5754,190,"&gt; $BILI .BILI200918C50 at 1.74  stop at 1.40 #swing
&lt;@!308335665639194625&gt; Out 50% 2.05 - [Alert posted on Discord]",Showstopper1307
2020-08-24 10:07:37,0.0,508,"Great day. Very fucking easy. Wins on $UAL, $BILI, $TWTR (posted for free), $BRK/B (posted for free), $DIS. Loss on $AMD (fuck you). Missed $AMZN (my #1 pick) because AGAIN @thinkorswim wouldn't load charts--tried to get 1 min and nothing... missed a good 50% retrun on calls.",GeniusOClock
2020-08-24 10:24:29,0.0,2990,"#Stocks up with high relative vol in the opening hour

$LI $IBIO $SHLL $BILI $BIGC $NCLH $DAL $ARLO $NIO $TCOM 

Scan updates every 5 secs.
#stockmarket
https://t.co/TbK17H0etP",stockbeep
2020-08-24 10:40:07,0.0,425,$BILI 46 crack,lilnickysmith
2020-08-24 10:40:45,-0.0772,360,$BILI power move up to key resistance ... fails n sellers come out...not there yet in doing shorts like that https://t.co/RUQN7nRjwb,shaolintrader88
2020-08-24 10:46:05,-0.128,190,"&gt; &lt;@!308335665639194625&gt; Out 50% 2.05
&lt;@!308335665639194625&gt; Out more $BILI at 2.75 keeping 3 contracts for now - [Alert posted on Discord]",Showstopper1307
2020-08-24 10:57:37,0.0,465,stopped out $BILI on reversal,StockOpps
2020-08-24 10:59:55,1.0,2902,TP $BILI avoid earning report 26/8 i dont want to be crushed like $OPRA on earning  candle look bad too https://t.co/3oghaXh0lb,TradingDiary2
2020-08-24 11:00:04,-1.0,294,RT @WallStJesus: TOP DROPS IN NASDAQ SHORTS: $AAPL $CZR $PLUG $GT $UAL $ANGI $ROKU $KHC $QCOM $MTCH $MSFT $FSCT $CHNG $INCY $SBUX $APA $HZN‚Ä¶,JohnVieira25
2020-08-24 11:00:05,0.0,448,$BILI $TWTR $RKT $AMD $EBAY $FB $AAL $LVS $MIK #optionstrading #Options ‚Å¶@MDLive4‚Å© alerted this morning...come see what you‚Äôve been missing https://t.co/Lt3K3MyWva,marketdollqueen
2020-08-24 11:18:09,0.0,95,RT @marketdollqueen: $BILI $TWTR $RKT $AMD $EBAY $FB $AAL $LVS $MIK #optionstrading #Options ‚Å¶@MDLive4‚Å© alerted this morning...come see wha‚Ä¶,RoadDoggTrader
2020-08-24 11:20:35,0.0,71,I have been watching $bili lately for an add.,SpiritCat
2020-08-24 11:26:34,1.0,6980,RT @TradingDiary2: TP $BILI avoid earning report 26/8 i dont want to be crushed like $OPRA on earning  candle look bad too https://t.co/3og‚Ä¶,Gambiste1
2020-08-24 11:31:08,0.0,617,RT @marketdollqueen: $BILI $TWTR $RKT $AMD $EBAY $FB $AAL $LVS $MIK #optionstrading #Options ‚Å¶@MDLive4‚Å© alerted this morning...come see wha‚Ä¶,MDLive4
2020-08-24 11:31:44,0.0,617,"RT @stockbeep: #Stocks up with high relative vol in the opening hour

$LI $IBIO $SHLL $BILI $BIGC $NCLH $DAL $ARLO $NIO $TCOM 

Scan update‚Ä¶",MDLive4
2020-08-24 11:48:48,0.0,154,"üö®Options Scalp Alertüö®
$BILI
9/18
45C
Look for a hold &amp; confirmation above 46.00",FlowTraderTM
2020-08-24 13:28:44,0.0,297,RT @marketdollqueen: $BILI $TWTR $RKT $AMD $EBAY $FB $AAL $LVS $MIK #optionstrading #Options ‚Å¶@MDLive4‚Å© alerted this morning...come see wha‚Ä¶,queenisgreen1
2020-08-24 14:45:30,0.0,884,"Bilibili call volume above normal and directionally bullish
$BILI",sbwcws
2020-08-24 14:52:33,1.0,10966,$BILI Bilibili call volume above normal and directionally bullish https://t.co/SBhOayu5bJ,mchaudhry82
2020-08-24 15:04:26,1.0,73,RT @mchaudhry82: $BILI Bilibili call volume above normal and directionally bullish https://t.co/SBhOayu5bJ,atlastully
2020-08-24 15:18:39,0.0,1816,"$BILI 6500 Sept 50c traded today, reports Wed. 8/26 https://t.co/PIpockaNNm",alphaverve
2020-08-24 15:24:02,0.0,680,"Starters: $LCA $GRAF $PENN $DKNG $FEAC $TSCRF $BILI
Bench: $TTWO $NVDA $TWTR $RBAC

Added old friend #bilibili on a whim..",fantasymandan
2020-08-24 15:33:53,0.743,27,"$BILI E/R this Wednesday. A lot of reasons why this company could prove profitability this quarter. Nice break out above resistance. If volume picks up the stock could easily fly above $50 imo
(1/2) https://t.co/rMGKZQGXIj",TradeSteveBrule
2020-08-24 15:34:51,0.4588,27,"Full disclosure: $BILI is one of my favorite Chinese stocks. Exposure to video media, live broadcasting, mobile games, etc... Market cap of $12B this is a $50B company. I bought at $13.87/share and sold half my shares at $42.45. I'll hold the remaining shares forever
(2/2)",TradeSteveBrule
2020-08-24 16:04:12,0.0,190,"$SPY, $QQQ, $IWM
*Summary 8/24*
**+** :  $BILI (8/19), $LNG(8/21) , $BA, $BABA, $JPM, $MSFT, $DIS, $QCOM
**-** :  $ADBE, $ROKU, $NVTA
**B/E** : 
**Holding** : , $BLUE (8/7), $AOS (8/10), $ALXN (8/13), $AMGN (8/17), $FISV (8/18), $BILI (8/19), $GOOGL (8/20)  - Solid day :)",Showstopper1307
2020-08-24 17:35:19,0.0,8150,Scan results - Shooting Star Candlestick today: $TAK $LL $DADA $CHTR $CVS $APPN $BILI $HTHT $FB $XRAY $SMG $RPM $SUN $SYF $TXT $CSCO $CM $GL $PKG $LMT ... https://t.co/tDE8C21MV5,SwingTradeBot
2020-08-24 19:31:04,-0.0772,7376,$BILI Bilibili Inc. - American  Top stock up 259% from low. Close: 46.12 VolvsAvg: 1.63 Liq: $264M https://t.co/UtSQhRo1uL,stockmktgenius
2020-08-19 00:34:57,0.0,583,"The GET TOP 100 ChartBook has today's HOTTEST STOCKS. DM me for your free subscription.

Today's new Buy Alerts include $ANGI $BILI, $CLDX, $ETSY, $COUP $LABU $ZM.

Check out today's ADAM Buy Alert in $COUP https://t.co/tvjJgjhF5G",GlobalEqTiming
2020-08-19 00:57:55,0.0,13,"RT @BSchulz33868165: Category Overview of stocks I track:
Leisure: +1.81%; 26 of 35 Up (&gt;=4%: $YY $SE $DKNG $PTON $BILI)
Energy/Util: +1.29‚Ä¶",elonhaslanded
2020-08-19 00:58:03,0.7626,5,"RT @GlobalEqTiming: The GET TOP 100 ChartBook has today's HOTTEST STOCKS. DM me for your free subscription.

Today's new Buy Alerts include‚Ä¶",tqlimited
2020-08-19 01:19:02,0.0,1636,Bilibili $BILI Scheduled to Post Quarterly Earnings on Wednesday https://t.co/RCPgIMYGJW,ZolmaxNews
2020-08-19 01:19:31,0.0,5226,Bilibili $BILI Scheduled to Post Quarterly Earnings on Wednesday https://t.co/pabB9zDECB,ConsumerFeed
2020-08-19 01:22:08,0.0,7929,Bilibili $BILI Scheduled to Post Quarterly Earnings on Wednesday https://t.co/xSdx0oLnJm #stocks,AmericanBanking
2020-08-19 01:52:33,0.0,3406,Bilibili $BILI Scheduled to Post Quarterly Earnings on Wednesday https://t.co/LMXqWzRRyO,TickerReport
2020-08-19 03:06:36,0.0,480,"@butters247 I track what happens after my hard stops kick in. Avg loss of all my stops is 42% meaning that stocks appreciated of that amount after I sold, on avg. From April 1st to date. Worst sells $ZM, $CDLX, $BILI, $RVLV, $IBP, $PINS, $CROX, $SAM, $Z, $AMD, $ENPH, $ROKU Up&gt;40% since sold",gciampaglia
2020-08-19 03:49:05,0.0,26,"Strong momentum watchlist

$WKHS $PTON $CRM $PDD $BLDP $BILI $FUTU $GIS $ADSK $EA $DVA $CLDX $OCUL",tradingarts
2020-08-19 04:22:45,0.0,400,"Today‚Äôs #watchlist for #NYSE, #NASDAQ between $40 and $50: $ADM $BEKE $BILI $BJ $BOIL $CCEP $CZR $FLGT $FXI $HDB $KO $MO $NET $PAGS $PHM $PLAN $SINA $SMAR $TOL $VWO",simonstradeinc
2020-08-19 06:58:37,0.0,52,"RT @simonstradeinc: Today‚Äôs #watchlist for #NYSE, #NASDAQ between $40 and $50: $ADM $BEKE $BILI $BJ $BOIL $CCEP $CZR $FLGT $FXI $HDB $KO $M‚Ä¶",Adonych
2020-08-19 07:40:28,0.0,1171,"RT @ScalpMaster1: Favs: $DELL over 59, $DVAX over 10, $AMZN under 2950, $BABA under 241, $BILI under 41! Watch $GSX lower as well...",ScalpMaster11__
2020-08-19 08:02:46,0.0,6,"This room doing really good for me, That's why i've got 5.7k last week. https://t.co/5PN2rzWty0 

$AAPL $ACTTU $ADBE $ADCT $AIQ $AMCI $AMOM $ANDA $APG $APO $ARKF $ARKK $ARKW $ARYA $ASML $ATOM $AVLR $AYX $AZEK $BBH $BBP $BILI $BMRG.U $BNR $BST $BUYZ $BWMX $CCXX $CDNS $CHGG $CHIH https://t.co/LMRxPN3g47",JakalJuhi
2020-08-19 08:37:26,0.0,465,$BILI $ADBE $NSTG buy stops in on all,StockOpps
2020-08-19 08:53:57,0.0,154,"Some wave 5's I found last night below (high likely hood of bottoming in wave 4). Chances are I open a position in a few of these today. 

$CLDX
$COMM
$ANGI
$DKNG
$BILI
$LABU
$FEYE

Also might just be the lack of sleep but $WORK looks like it could run before earnings.",ThirdAveCapital
2020-08-19 10:06:12,-1.0,73,"Sold $TGT for 100% profit. Sold $DD, $DNKN, and $BILI for combined loss around $100 (keep losses small, even if you think they‚Äôll turn around). It‚Äôs a bummer, but this preserves your account and let‚Äôs winners bring actual PROFIT. Holding $NKE and $EBAY, letting winners run.",atlastully
2020-08-19 10:29:36,0.0,465,$BILI earnings Aug 26,StockOpps
2020-08-19 10:33:29,0.0,73,Hoping to buy back in to $BILI on a dip.,atlastully
2020-08-19 11:56:01,0.6124,73,"Having a couple runners set up like this without any losers allows me to focus my attention on elsewhere. For instance, I‚Äôm watching $BILI like a hawk today. I‚Äôd like a dip to buy back in, and I‚Äôm also watching for a breakout of the pennant. It wants it. https://t.co/wgVc7VBaKL",atlastully
2020-08-19 11:58:31,0.0,205,"$BILI - $45 as the potential push for $47.50ish. Trendline snap on a buzzing market day. 
Earnings - Aug 26th
Short float - 12% https://t.co/okwZZLhKKE",Trade__Runner
2020-08-19 12:08:18,1.0,73,"@shooter23 Dude keep an eye on $BILI too, it‚Äôs so close to breaking out. Sucks selling something then buying back in higher, so I‚Äôm trying hard not to FOMO.",atlastully
2020-08-19 12:31:08,0.0,73,"Got back in $BILI. 9/18 call @ $50 strike. This call is cheaper than the $45 I bought yesterday and sold this morning. It has gotten a couple percent cheaper today, so I‚Äôm going for another swing due to the higher lows being set today. It is so close to pennant breakout. https://t.co/lzWPsGXolf",atlastully
2020-08-19 18:22:03,0.0,508,"Tentative watchlist for tomorrow:
$BABA, $JNJ, $PINS, $TWTR, $ADSK, $ADBE, $BILI, $CAR, $EBAY, $HLT, $HOG, $NKE, $PDD, $SPOT",GeniusOClock
2020-08-24 22:09:03,0.0,4057,"ZHUDING INTER LTD $ZHUD To Be Scooped Up In All Cash Transaction By Unnamed Nasdaq Traded Company, Official PR Coming As Soon As Wednesday
https://t.co/BnESoqsmxY

$REVG $NPSNY $BILI $CBAY $VSH $KT $CFMS $CTLT $NTDOY $USG $GOGO $HPT $ELP $CSIQ",StockWatchHQ
2020-08-24 22:40:42,-1.0,157,"@jonnajarian @jonnajarian Hey Jon, are you still in the $BILI trade? If you are, are you selling calls against your position?",AaronJung3
2020-08-25 01:26:02,0.0,713,Bilibili $BILI Set to Announce Quarterly Earnings on Wednesday https://t.co/vq5weSS4UE,dispatchtribune
2020-08-25 01:27:18,0.0,2740,Bilibili $BILI Set to Announce Quarterly Earnings on Wednesday https://t.co/QiWowExVAH,WatchlistN
2020-08-25 01:29:03,0.0,714,Bilibili $BILI Set to Announce Quarterly Earnings on Wednesday https://t.co/niPf7m7fPV,TranscriptDaily
2020-08-25 07:33:20,0.5994,26,RT @TradeSteveBrule: $BILI E/R this Wednesday. A lot of reasons why this company could prove profitability this quarter. Nice break out abo‚Ä¶,ChinaCanadaBiga
2020-08-25 10:22:55,0.0,83551,$BILI REPEAT BULL BET AHEAD OF NUMBERS -- $JD $BABA REPEAT SWEEPERS AS WELL THIS MORN,WallStJesus
2020-08-25 10:25:03,0.0,204,Eyeing $BILI,mets1life
2020-08-25 10:25:37,0.0,4057,"RT @StockWatchHQ: ZHUDING INTER LTD $ZHUD To Be Scooped Up In All Cash Transaction By Unnamed Nasdaq Traded Company, Official PR Coming As‚Ä¶",StockWatchHQ
2020-08-25 10:35:24,-1.0,223,RT @WallStJesus: TOP DROPS IN NASDAQ SHORTS: $AAPL $CZR $PLUG $GT $UAL $ANGI $ROKU $KHC $QCOM $MTCH $MSFT $FSCT $CHNG $INCY $SBUX $APA $HZN‚Ä¶,UNCLEFRESHNYCNC
2020-08-25 10:44:42,0.0,1429,Looks like big leading Chinese names have much bigger tailwinds ahead of them $BABA $TCEHY $JD  $NTES $MPNGF $PDD $BILI for the next 6-12 months. Big time upside ahead. https://t.co/2V6L94VnqG,PMack1224
2020-08-25 10:45:36,0.0,45,RT @PMack1224: Looks like big leading Chinese names have much bigger tailwinds ahead of them $BABA $TCEHY $JD  $NTES $MPNGF $PDD $BILI for‚Ä¶,Nojllenrap
2020-08-25 10:48:48,0.0,168,RT @PMack1224: Looks like big leading Chinese names have much bigger tailwinds ahead of them $BABA $TCEHY $JD  $NTES $MPNGF $PDD $BILI for‚Ä¶,Constatrades
2020-08-25 10:52:47,0.0,1429,RT @PMack1224: Looks like big leading Chinese names have much bigger tailwinds ahead of them $BABA $TCEHY $JD  $NTES $MPNGF $PDD $BILI for‚Ä¶,PMack1224
2020-08-25 10:53:23,0.8468,225911,$BILI Bilibili Inc. has great growth outlook for 2020 https://t.co/llcNwWMcQt via @Marketing Sentinel #thestockmonkey #stockmarket #stocks #trading #business #daytrader #daytrading #SwingTrading #investment #wallstreet #darkpool #blocktrades,Gamma_Monkey
2020-08-25 11:21:58,0.0,360,$BILI reports tomorrow.... stock is already above desc RL,shaolintrader88
2020-08-25 11:25:31,0.0,884,"Bilibili call volume above normal and directionally bullish
$BILI",sbwcws
2020-08-25 11:32:34,1.0,10966,$BILI Bilibili call volume above normal and directionally bullish https://t.co/0aImTxBoWB,mchaudhry82
2020-08-25 12:30:24,-0.128,1024,"Group-buying, a purchase processed when a minimum number of buyers is reached, works to either:

(1)   Make ordinary items cheaper
(2)  Make scarce items available for purchase

$BILI's e-commerce division does the latter, gathering fragmented demand for models and collectibles. https://t.co/NwYDn5PP3L",briefnorris
2020-08-25 13:23:04,0.0,680,"Fall Guys in China!!! 
Surprise announcement that a mobile version of the game will be coming to China soon thanks to an exclusive partnership with #Bilibili Inc. (NASDAQ:BILI) $BILI.",fantasymandan
2020-08-25 13:29:42,-1.0,522,Fall Guys Signs Deal For Mobile in China. $BILI #FallGuys #FallGuysMobile https://t.co/d9HmM0vsO6,chriskatje
2020-08-25 13:33:44,0.0,680,Huge for $BILI https://t.co/FcGVi8zWev,fantasymandan
2020-08-25 13:37:26,0.0,680,I just slammed $BILI,fantasymandan
2020-08-25 14:10:50,-1.0,73,"@crabby_octopus Here‚Äôs an example: On 8/18, I bought $BILI 9/18 call @ $45 strike. The next day I sold for $35 loss. $BILI continued downward, there was no guarantee it would go back up, even though the setup was there...there are never guarantees. I could have lost up to $335 (contract cost)",atlastully
2020-08-25 15:48:42,1.0,26,"@jaunetrades @TicTocTick $BILI is China's Netflix.
$BILI is going up to its new ATH very soon.",ChinaCanadaBiga
2020-08-25 15:51:24,-1.0,26,"RT @fantasymandan: Fall Guys in China!!! 
Surprise announcement that a mobile version of the game will be coming to China soon thanks to an‚Ä¶",ChinaCanadaBiga
2020-08-25 15:51:27,-1.0,26,RT @chriskatje: Fall Guys Signs Deal For Mobile in China. $BILI #FallGuys #FallGuysMobile https://t.co/d9HmM0vsO6,ChinaCanadaBiga
2020-08-25 15:55:41,1.0,26,"RT @briefnorris: Group-buying, a purchase processed when a minimum number of buyers is reached, works to either:

(1)   Make ordinary items‚Ä¶",ChinaCanadaBiga
2020-08-25 16:00:08,0.0,705,"Earnings happening tomorrow
2020-08-26: 
$SPLK
$TCOM
$TIF
$HEI
$BILI",Stock_Alarm
2020-08-25 16:06:12,0.0,26,"RT @mets1life: $BILI
Long: Above $45.80
S/L: $41.80
Target: $52 ish https://t.co/VmH328iAUV",ChinaCanadaBiga
2020-08-25 16:06:18,0.4404,26,RT @HcenHenrik: $BILI looks good... https://t.co/QXTlnfxe8F,ChinaCanadaBiga
2020-08-25 16:06:58,0.743,26,"@LeifSoreide @paulwimmers Tomorrow, $BILI will announce its Q2 E/R.
https://t.co/JqLHi6pQTL
$BILI E/R this Wednesday. A lot of reasons why this company could prove profitability this quarter. Nice break out above resistance. If volume picks up the stock could easily fly above $50 imo
(1/2)",ChinaCanadaBiga
2020-08-25 17:00:45,0.0,498,"Upcoming earnings calls on Wednesday, August 26 2020:
1. $SPLK Splunk Inc.
2. $BILI Bilibili Inc.
3. $TIF Tiffany &amp; Co.
4. $NTAP NetApp, Inc.
5. $ESTC Elastic N.V.
6. $WUBA https://t.co/3W8FTxmNLQ Inc.
7. $WSM Williams-Sonoma, Inc.
8. $PLAN Anaplan, Inc.
9. $EV Eaton Vance Corp.",EarningsAlley
2020-08-25 17:15:39,0.0,26,@MartyChargin Go to long $BILI before E/R (Aug 26 after close).,ChinaCanadaBiga
2020-08-25 17:45:25,0.0,632,"Reporting #earnings tomorrow (Wed Aug 26th):

Splunk, Inc. ( $SPLK )
https://t.co/VjlKJ62fRb Group Ltd. ( $TCOM )
HEICO Corp. ( $HEI )
Tiffany &amp; Co. ( $TIF )
Bilibili, Inc. ( $BILI )

along with: $NTAP $ESTC $PTR $WSM $PLAN

follow them here:
https://t.co/FciWSss1AZ https://t.co/RvpyeFYBqM",thebubbleboard
2020-08-25 18:25:38,0.3818,926,"@theboyintime I bought Tencent after I found out they have a hand in many successful endeavors. I may add to my position on another dip but I‚Äôm chillin until then.

Check out $TTWO publishers behind rockstar games. Or $BILI another Chinese company focused on the youth and social media",MisterFili
2020-08-25 18:54:03,0.743,26,"@MisterFili @theboyintime $BILI will announce its Q2 E/R tomorrow after the close.

https://t.co/JqLHi6pQTL
$BILI E/R this Wednesday. A lot of reasons why this company could prove profitability this quarter. Nice break out above resistance. If volume picks up the stock could easily fly above $50 imo
(1/2)",ChinaCanadaBiga
2020-08-25 19:26:47,0.0,190,"$SPY, $QQQ, $IWM
*Summary 8/25*
**+** :  $AMGN (8/17), $GOOGL(8/20), $BABA, $NTES, $FB, $BA, $FSLY, $AMD
**-** :  $JPM, $CAT
**B/E** : $AAPL, $SPY,  $GDDY
**Holding** : , $BLUE (8/7), $AOS (8/10), $ALXN (8/13), $FISV (8/18), $BILI (8/19), $GILD (8/25), $FSLY (8/25)",Showstopper1307
2020-08-25 20:41:54,0.0,20,"RT @thebubbleboard: Reporting #earnings tomorrow (Wed Aug 26th):

Splunk, Inc. ( $SPLK )
https://t.co/VjlKJ62fRb Group Ltd. ( $TCOM )
HEICO‚Ä¶",chrisle27654770
2020-08-25 21:22:28,0.4278,1715,"$BILI Bilibili Inc - China‚Äôs biggest anime streaming site, as well as one of the country‚Äôs biggest video-sharing sites. 

The Shanghai-based company markets itself as the online home for fans of ACG: Anime, comics and gaming. https://t.co/rtSoGikk6G",TripleBarrelCap
2020-08-25 21:33:39,1.0,1715,"$BILI Earnings coming up Wednesday after market close.

Long term chart looks like a possible bullish pennant with recent breakout and retest this week. 

Not far off its all-time high of $51.25. Would only need a ~9% move from today's closing price of $47.00 to test it. https://t.co/pPaRcsZBRo",TripleBarrelCap
2020-08-25 22:55:25,0.4278,6980,"RT @TripleBarrelCap: $BILI Bilibili Inc - China‚Äôs biggest anime streaming site, as well as one of the country‚Äôs biggest video-sharing sites‚Ä¶",Gambiste1
2020-08-25 22:57:10,-1.0,2583,"Earnings tomorrow (Weds 8/26)

Morning: Chico's $CHS Dick's Sporting $DKS Dycom $DY Eaton Vance $EV Anaplan $PLAN Royal Bank of Canada $RY

Afternoon: Bilibili $BILI Dropbox $BOX Elastic $ESTC Greif $GEF Lannett $LCE Netapp $NTAP Semtech $SMTC Splunk $SPLK William-Sonoma $WSM",MoneyMoneyguy
2020-08-25 23:05:17,0.874,1715,"$BILI Taking a look at the options market...

Current Put/Call Open Interest Ratio = 0.21

In other words, for every put option currently held in open interest there are about five calls. 

The largest open interest strike for 09/18/20 exp is the $45.00 call with 16,325 in OI.",TripleBarrelCap
